Woche,Tommy,Eugen,Josua,Francesco,Jamy,Manuel,Salvatore,Diogo,Alex,Danilo,Lights
1,Melina,Walentina,Sarah,Finnja,Jill,Kathleen,Jacky,Aurelia,Jules,Steffi,3
2,Melina,Walentina,Sarah,Finnja,Jill,Kathleen,Jacky,Aurelia,Jules,Steffi,3
3,Melina,Steffi,Walentina,Jules,Jill,Kathleen,Jacky,Aurelia,Finnja,Sarah,3
4,Jill,Finnja,Sarah,Jules,Vanessa,Kathleen,Walentina,Aurelia,Steffi,Melina,4
5,Melina,Finnja,Walentina,Jules,Steffi,Jill,Kathleen,Vanessa,Sarah,Aurelia,3
6,Melina,Finnja,Walentina,Jules,Sarah,Kathleen,Jacky,Aurelia,Steffi,Jill,3
7,Melina,Jill,Sarah,Jules,Finnja,Kathleen,Walentina,Vanessa,Jacky,Aurelia,2
8,Steffi,Jacky,Walentina,Jules,Sarah,Finnja,Jill,Vanessa,Melina,Aurelia,1
9,Finnja,Melina,Vanessa,Jules,Steffi,Kathleen,Walentina,Aurelia,Sarah,Jill,4
10,Finnja,Walentina,Aurelia,Jules,Steffi,Kathleen,Jacky,Jill,Vanessa,Sarah,7
